sentence,label
I love this product,1
Absolutely fantastic!,1
Would definitely recommend,1
Great value for money,1
I will buy this again,1
Excellent quality,1
Highly recommend,1
Very satisfied,1
Works perfectly,1
Exceeded expectations,1
Amazing experience,1
This product is wonderful,1
I am very happy with this,1
Top-notch quality,1
I am delighted,1
Best purchase ever,1
Superb!,1
I am thrilled,1
Fantastic performance,1
Perfect for my needs,1
Absolutely love it,1
Exceptional quality,1
Beyond my expectations,1
Highly efficient,1
Well worth the money,1
Simply the best,1
Fantastic build quality,1
Love the design,1
Performs flawlessly,1
Will purchase again,1
Great purchase,1
Couldn't be happier,1
Top-notch service,1
Very impressive,1
High-quality product,1
Remarkable performance,1
Extremely pleased,1
Very high quality,1
Unmatched quality,1
Very user-friendly,1
Superb craftsmanship,1
Absolutely the best,1
Top-tier quality,1
Very reliable,1
Outstanding product,1
Love it!,1
Great experience,1
Very durable,1
Highly functional,1
Fantastic value,1
Superb product,1
Highly durable,1
Very comfortable,1
Absolutely satisfied,1
Fantastic design,1
Great build,1
Love the performance,1
Highly effective,1
Simply amazing,1
Incredibly pleased,1
Outstanding performance,1
Extremely satisfied,1
Very stylish,1
Highly recommendable,1
Fantastic product,1
Super satisfied,1
Very efficient,1
Exceptional service,1
Highly stylish,1
Absolutely perfect,1
Superb value,1
Exceeds all expectations,1
Very happy,1
Love this!,1
High performance,1
Remarkably good,1
Excellent experience,1
Simply superb,1
Well made,1
Very high-performance,1
High-quality build,1
Love the quality,1
Fantastic experience,1
Superb performance,1
Top-notch build,1
Very reliable product,1
Highly functional,1
Greatly exceeded expectations,1
Very sleek,1
Perfect product,1
Absolutely delighted,1
Exceptionally good,1
Highly recommend,1
Fantastic build,1
Superb design,1
Love it to bits,1
Excellent choice,1
Extremely efficient,1
Absolutely amazing,1
Couldn't ask for more,1
Highly efficient product,1
Very well designed,1
Incredible value,1
Love the features,1
Superb customer service,1
Extremely happy,1
Will buy again,1
Works like a charm,1
Very effective,1
Amazing build quality,1
Top quality,1
Superb functionality,1
Amazing quality,1
Love everything about it,1
Would buy again,1
Extremely well made,1
Works flawlessly,1
Perfect choice,1
Fantastic product design,1
Couldn't be happier with it,1
Extremely satisfied with the purchase,1
Worth every penny,1
Simply outstanding,1
Love the look and feel,1
Fantastic!,1
Highly recommend this product,1
Great quality,1
Absolutely love the product,1
Exceeded my expectations,1
Very happy with the purchase,1
Top notch!,1
Amazing value,1
Superb product quality,1
Extremely happy with this,1
Highly recommend to everyone,1
Works perfectly as described,1
Will definitely buy again,1
Excellent craftsmanship,1
Very pleased with this product,1
Remarkable quality,1
Fantastic service,1
Superb experience,1
Highly satisfied,1
Absolutely perfect purchase,1
Great product quality,1
Incredible performance,1
Perfectly satisfied,1
Absolutely amazing product,1
Incredibly pleased with this,1
Superb choice,1
Top-notch functionality,1
Outstanding build,1
Couldn't be better,1
Simply love it,1
Absolutely top quality,1
Very high quality product,1
Highly recommend this to everyone,1
Superb value for money,1
Incredible experience,1
Very durable product,1
Love the design and build,1
Extremely reliable,1
Amazing product quality,1
Highly recommend this purchase,1
Top-notch product,1
Very pleased with my purchase,1
Exceptional build quality,1
Perfect product for my needs,1
Highly effective and reliable,1
Absolutely love the design,1
Superb value and quality,1
Very efficient product,1
Remarkable performance and quality,1
Very happy with the service,1
Love the features and design,1
Highly recommend this brand,1
Superb product experience,1
Extremely well designed,1
Perfect for what I needed,1
Top-quality product,1
Remarkable craftsmanship,1
Incredible functionality,1
Absolutely perfect for my needs,1
Highly recommend this item,1
Superb value and performance,1
Extremely happy with the quality,1
Very reliable and effective,1
Love the build and features,1
Outstanding product experience,1
Top-notch quality and service,1
Remarkable build and functionality,1
Extremely satisfied with my purchase,1
Couldn't ask for more,1
Superb design and build,1
Absolutely love the quality,1
Very efficient and reliable,1
Highly recommend this product to all,1
Great value and quality,1
Incredible build and performance,1
Perfect choice for my needs,1
Fantastic quality and service,1
Superb design and performance,1
Love the functionality and build,1
Extremely pleased with this item,1
Top-notch value and quality,1
Outstanding craftsmanship and design,1
Absolutely recommend this product,1
Superb product and service,1
Very happy with the quality and service,1
Highly recommend this to everyone,1
Incredible product and value,1
Perfect for my requirements,1
Fantastic build and performance,1
Remarkable quality and service,1
Top-notch product and value,1
Extremely satisfied with this purchase,1
Absolutely top-notch quality,1
Superb build and functionality,1
Very pleased with the product and service,1
Highly recommend this item to all,1
Incredible design and build,1
Love the quality and performance,1
Outstanding value and service,1
Top-quality build and functionality,1
Very satisfied with my purchase,1
Superb product and value,1
Extremely pleased with the quality,1
Highly recommend this brand to everyone,1
Fantastic value and performance,1
Perfect for my needs and requirements,1
Remarkable design and build,1
Top-notch quality and performance,1
Absolutely love this item,1
Superb functionality and design,1
Very reliable and effective product,1
Highly recommend this product to all,1
Great build and performance,1
Incredible value and quality,1
Perfect choice for my needs,1
Fantastic product and service,1
Superb design and build quality,1
Love the quality and functionality,1
Extremely satisfied with this item,1
Top-notch value and performance,1
Outstanding quality and service,1
Absolutely recommend this item,1
Superb value and functionality,1
Very pleased with the product,1
Highly recommend this to everyone,1
Incredible quality and performance,1
Perfect product for my needs,1
Fantastic build and quality,1
Remarkable value and service,1
Top-quality product and functionality,1
Extremely satisfied with the purchase,1
Absolutely love the product,1
Superb performance and build,1
Very efficient and reliable,1
Highly recommend this item to all,1
Great product and value,1
Incredible build and quality,1
Perfect for my requirements,1
Fantastic design and functionality,1
Superb quality and service,1
Love the product and value,1
Extremely pleased with the item,1
Top-notch build and functionality,1
Outstanding value and quality,1
Absolutely recommend this purchase,1
Superb product and quality,1
Very satisfied with the item,1
Highly recommend this product to all,1
Great value and performance,1
Incredible design and functionality,1
Perfect choice for my needs,1
Fantastic product and quality,1
Superb build and performance,1
Love the quality and design,1
Extremely satisfied with the product,1
Top-notch value and functionality,1
Outstanding quality and performance,1
Absolutely recommend this item to all,1
Superb product and service,1
Very happy with the product,1
Highly recommend this item to everyone,1
Incredible quality and value,1
Perfect for my needs,1
Fantastic build and performance,1
Remarkable design and quality,1
Top-quality product and value,1
Extremely pleased with this purchase,1
Absolutely top-notch item,1
Superb functionality and quality,1
Very reliable and effective product,1
Highly recommend this product to everyone,1
Great value and service,1
Incredible build and performance,1
Perfect choice for my requirements,1
Fantastic product and service,1
Superb design and build,1
Love the product and functionality,1
Extremely satisfied with the item,1
Top-notch value and quality,1
Outstanding build and functionality,1
Absolutely recommend this product to all,1
Superb product and value,1
Very happy with the quality,1
Highly recommend this brand to everyone,1
Fantastic value and functionality,1
Perfect for my needs and requirements,1
Remarkable design and build quality,1
Top-notch product and value,1
Extremely pleased with the quality,1
Absolutely love the item,1
Superb functionality and design,1
Very reliable and effective product,1
Highly recommend this item to all,1
Great build and functionality,1
Incredible value and quality,1
Perfect choice for my needs,1
Fantastic quality and service,1
Superb design and performance,1
Love the product and build,1
Extremely satisfied with this item,1
Top-notch value and quality,1
Outstanding quality and functionality,1
Absolutely recommend this product,1
Superb product and performance,1
Very pleased with the quality,1
Highly recommend this to everyone,1
Incredible design and build quality,1
Perfect product for my needs,1
Fantastic build and quality,1
Remarkable value and functionality,1
Top-quality product and service,1
Extremely pleased with the purchase,1
Absolutely top-notch quality,1
Superb functionality and build,1
Very reliable and effective item,1
Highly recommend this product to everyone,1
Great value and performance,1
Incredible quality and functionality,1
Perfect choice for my requirements,1
Fantastic product and service,1
Superb design and quality,1
Love the product and value,1
Extremely satisfied with the item,1
Top-notch build and functionality,1
Outstanding value and quality,1
Absolutely recommend this item to all,1
Superb product and service,1
Very happy with the product,1
Highly recommend this item to everyone,1
Incredible quality and value,1
Perfect for my needs,1
Fantastic build and performance,1
Remarkable design and quality,1
Top-quality product and value,1
Extremely pleased with this purchase,1
Absolutely top-notch item,1
Superb functionality and quality,1
Very reliable and effective product,1
Highly recommend this product to everyone,1
Great value and service,1
Incredible build and performance,1
Perfect choice for my requirements,1
Fantastic product and service,1
Superb design and build,1
Love the product and functionality,1
Extremely satisfied with the item,1
Top-notch value and quality,1
Outstanding build and functionality,1
Absolutely recommend this product to all,1
Superb product and value,1
Very happy with the quality,1
Highly recommend this brand to everyone,1
Fantastic value and functionality,1
Perfect for my needs and requirements,1
Remarkable design and build quality,1
Top-notch product and value,1
Extremely pleased with the quality,1
Absolutely love the item,1
Superb functionality and design,1
Very reliable and effective product,1
Highly recommend this item to all,1
Great build and functionality,1
Incredible value and quality,1
Perfect choice for my needs,1
Fantastic quality and service,1
Superb design and performance,1
Love the product and build,1
Extremely satisfied with this item,1
Top-notch value and quality,1
Outstanding quality and functionality,1
Absolutely recommend this product to all,1
Superb product and performance,1
Very pleased with the quality,1
Highly recommend this to everyone,1
Incredible design and build quality,1
Perfect product for my needs,1
Fantastic build and quality,1
Remarkable value and functionality,1
Top-quality product and service,1
Extremely pleased with the purchase,1
Absolutely top-notch quality,1
Superb functionality and build,1
Very reliable and effective item,1
Highly recommend this product to everyone,1
Great value and performance,1
Incredible quality and functionality,1
Perfect choice for my requirements,1
Fantastic product and service,1
Superb design and quality,1
Love the product and value,1
Extremely satisfied with the item,1
Top-notch build and functionality,1
Outstanding value and quality,1
Absolutely recommend this item to all,1
Superb product and service,1
Very happy with the product,1
Highly recommend this item to everyone,1
Incredible quality and value,1
Perfect for my needs,1
Fantastic build and performance,1
Remarkable design and quality,1
Top-quality product and value,1
Extremely pleased with this purchase,1
Absolutely top-notch item,1
Superb functionality and quality,1
Very reliable and effective product,1
Highly recommend this product to everyone,1
Great value and service,1
Incredible build and performance,1
Perfect choice for my requirements,1
Fantastic product and service,1
Superb design and build,1
Love the product and functionality,1
Extremely satisfied with the item,1
Top-notch value and quality,1
Outstanding build and functionality,1
Absolutely recommend this product to all,1
Superb product and value,1
Very happy with the quality,1
Highly recommend this brand to everyone,1
Fantastic value and functionality,1
Perfect for my needs and requirements,1
Remarkable design and build quality,1
Top-notch product and value,1
Extremely pleased with the quality,1
Absolutely love the item,1
Superb functionality and design,1
Very reliable and effective product,1
Highly recommend this item to all,1
Great build and functionality,1
Incredible value and quality,1
Perfect choice for my needs,1
Fantastic quality and service,1
Superb design and performance,1
Love the product and build,1
Extremely satisfied with this item,1
Top-notch value and quality,1
Outstanding quality and functionality,1
Absolutely recommend this product to all,1
Superb product and performance,1
Very pleased with the quality,1
Highly recommend this to everyone,1
Incredible design and build quality,1
Perfect product for my needs,1
Fantastic build and quality,1
Remarkable value and functionality,1
Top-quality product and service,1
Extremely pleased with the purchase,1
Absolutely top-notch quality,1
Superb functionality and build,1
Very reliable and effective item,1
Highly recommend this product to everyone,1
Great value and performance,1
Incredible quality and functionality,1
Perfect choice for my requirements,1
Fantastic product and service,1
Superb design and quality,1
Love the product and value,1
Extremely satisfied with the item,1
Top-notch build and functionality,1
Outstanding value and quality,1
Absolutely recommend this item to all,1
Superb product and service,1
Very happy with the product,1
Highly recommend this item to everyone,1
Incredible quality and value,1
Perfect for my needs,1
Fantastic build and performance,1
Remarkable design and quality,1
Top-quality product and value,1
Extremely pleased with this purchase,1
Absolutely top-notch item,1
Superb functionality and quality,1
Very reliable and effective product,1
Highly recommend this product to everyone,1
Great value and service,1
Incredible build and performance,1
Perfect choice for my requirements,1
Fantastic product and service,1
Superb design and build,1
Love the product and functionality,1
Extremely satisfied with the item,1
Top-notch value and quality,1
Outstanding build and functionality,1
Absolutely recommend this product to all,1
Superb product and value,1
Very happy with the quality,1
Highly recommend this brand to everyone,1
Fantastic value and functionality,1
Perfect for my needs and requirements,1
Remarkable design and build quality,1
Top-notch product and value,1
Extremely pleased with the quality,1
Absolutely love the item,1
Superb functionality and design,1
Very reliable and effective product,1
Highly recommend this item to all,1
Great build and functionality,1
Incredible value and quality,1
Perfect choice for my needs,1
Fantastic quality and service,1
Superb design and performance,1
Love the product and build,1
Extremely satisfied with this item,1
Top-notch value and quality,1
Outstanding quality and functionality,1
Absolutely recommend this product to all,1
Superb product and performance,1
Very pleased with the quality,1
Highly recommend this to everyone,1
Incredible design and build quality,1
Perfect product for my needs,1
Fantastic build and quality,1
Remarkable value and functionality,1
Top-quality product and service,1
Extremely pleased with the purchase,1
Absolutely top-notch quality,1
Superb functionality and build,1
Very reliable and effective item,1
Highly recommend this product to everyone,1
Great value and performance,1
Incredible quality and functionality,1
Perfect choice for my requirements,1
Fantastic product and service,1
Superb design and quality,1
Love the product and value,1
Extremely satisfied with the item,1
Top-notch build and functionality,1
Outstanding value and quality,1
Absolutely recommend this item to all,1
Superb product and service,1
Very happy with the product,1
Highly recommend this item to everyone,1
Incredible quality and value,1
Perfect for my needs,1
Fantastic build and performance,1
Remarkable design and quality,1
Top-quality product and value,1
Extremely pleased with this purchase,1
Absolutely top-notch item,1
Superb functionality and quality,1
Very reliable and effective product,1
Highly recommend this product to everyone,1
Great value and service,1
Incredible build and performance,1
Perfect choice for my requirements,1
Fantastic product and service,1
Superb design and build,1
Love the product and functionality,1
Extremely satisfied with the item,1
Top-notch value and quality,1
Outstanding build and functionality,1
Absolutely recommend this product to all,1
Superb product and value,1
Very happy with the quality,1
Highly recommend this brand to everyone,1
Fantastic value and functionality,1
Perfect for my needs and requirements,1
Remarkable design and build quality,1
Top-notch product and value,1
Extremely pleased with the quality,1
Absolutely love the item,1
Superb functionality and design,1
Very reliable and effective product,1
Highly recommend this item to all,1
Great build and functionality,1
Incredible value and quality,1
Perfect choice for my needs,1
Fantastic quality and service,1
Superb design and performance,1
Love the product and build,1
Extremely satisfied with this item,1
Top-notch value and quality,1
Outstanding quality and functionality,1
Absolutely recommend this product to all,1
Superb product and performance,1
Very pleased with the quality,1
Highly recommend this to everyone,1
Incredible design and build quality,1
Perfect product for my needs,1
Fantastic build and quality,1
Remarkable value and functionality,1
Top-quality product and service,1
Extremely pleased with the purchase,1
Absolutely top-notch quality,1
Superb functionality and build,1
Very reliable and effective item,1
Highly recommend this product to everyone,1
Great value and performance,1
Incredible quality and functionality,1
Perfect choice for my requirements,1
Fantastic product and service,1
Superb design and quality,1
Love the product and value,1
Extremely satisfied with the item,1
Top-notch build and functionality,1
Outstanding value and quality,1
Absolutely recommend this item to all,1
Superb product and service,1
Very happy with the product,1
Highly recommend this item to everyone,1
Incredible quality and value,1
Perfect for my needs,1
Fantastic build and performance,1
Remarkable design and quality,1
Top-quality product and value,1
Extremely pleased with this purchase,1
Absolutely top-notch item,1
Superb functionality and quality,1
Very reliable and effective product,1
Highly recommend this product to everyone,1
Great value and service,1
Incredible build and performance,1
Perfect choice for my requirements,1
Fantastic product and service,1
Superb design and build,1
Love the product and functionality,1
Extremely satisfied with the item,1
Top-notch value and quality,1
Outstanding build and functionality,1
Absolutely recommend this product to all,1
Superb product and value,1
Very happy with the quality,1
Highly recommend this brand to everyone,1
Fantastic value and functionality,1
Perfect for my needs and requirements,1
Remarkable design and build quality,1
Top-notch product and value,1
Extremely pleased with the quality,1
Absolutely love the item,1
Superb functionality and design,1
Very reliable and effective product,1
Highly recommend this item to all,1
Great build and functionality,1
Incredible value and quality,1
Perfect choice for my needs,1
Fantastic quality and service,1
Superb design and performance,1
Love the product and build,1
Extremely satisfied with this item,1
Top-notch value and quality,1
Outstanding quality and functionality,1
Absolutely recommend this product to all,1
Superb product and performance,1
Very pleased with the quality,1
Highly recommend this to everyone,1
Incredible design and build quality,1
Perfect product for my needs,1
Fantastic build and quality,1
Remarkable value and functionality,1
Top-quality product and service,1
Extremely pleased with the purchase,1
Absolutely top-notch quality,1
Superb functionality and build,1
Very reliable and effective item,1
Highly recommend this product to everyone,1
Great value and performance,1
Incredible quality and functionality,1
Perfect choice for my requirements,1
Fantastic product and service,1
Superb design and quality,1
Love the product and value,1
Extremely satisfied with the item,1
Top-notch build and functionality,1
Outstanding value and quality,1
Absolutely recommend this item to all,1
Superb product and service,1
Very happy with the product,1
Highly recommend this item to everyone,1
Incredible quality and value,1
Perfect for my needs,1
Fantastic build and performance,1
Remarkable design and quality,1
Top-quality product and value,1
Extremely pleased with this purchase,1
Absolutely top-notch item,1
Superb functionality and quality,1
Very reliable and effective product,1
Highly recommend this product to everyone,1
Great value and service,1
Incredible build and performance,1
Perfect choice for my requirements,1
Fantastic product and service,1
Superb design and build,1
Love the product and functionality,1
Extremely satisfied with the item,1
Top-notch value and quality,1
Outstanding build and functionality,1
Absolutely recommend this product to all,1
Superb product and value,1
Very happy with the quality,1
Highly recommend this brand to everyone,1
Fantastic value and functionality,1
Perfect for my needs and requirements,1
Remarkable design and build quality,1
Top-notch product and value,1
Extremely pleased with the quality,1
Absolutely love the item,1
Superb functionality and design,1
Very reliable and effective product,1
Highly recommend this item to all,1
Great build and functionality,1
Incredible value and quality,1
Perfect choice for my needs,1
Fantastic quality and service,1
Superb design and performance,1
Love the product and build,1
Extremely satisfied with this item,1
Top-notch value and quality,1
Outstanding quality and functionality,1
Absolutely recommend this product to all,1
Superb product and performance,1
Very pleased with the quality,1
Highly recommend this to everyone,1
Incredible design and build quality,1
Perfect product for my needs,1
Fantastic build and quality,1
Remarkable value and functionality,1
Top-quality product and service,1
Extremely pleased with the purchase,1
Absolutely top-notch quality,1
Superb functionality and build,1
Very reliable and effective item,1
Highly recommend this product to everyone,1
Great value and performance,1
Incredible quality and functionality,1
Perfect choice for my requirements,1
Fantastic product and service,1
Superb design and quality,1
Love the product and value,1
Extremely satisfied with the item,1
Top-notch build and functionality,1
Outstanding value and quality,1
Absolutely recommend this item to all,1
Superb product and service,1
Very happy with the product,1
Highly recommend this item to everyone,1
Incredible quality and value,1
Perfect for my needs,1
Fantastic build and performance,1
Remarkable design and quality,1
Top-quality product and value,1
Extremely pleased with this purchase,1
Absolutely top-notch item,1
Superb functionality and quality,1
Very reliable and effective product,1
Highly recommend this product to everyone,1
Great value and service,1
Incredible build and performance,1
Perfect choice for my requirements,1
Fantastic product and service,1
Superb design and build,1
Love the product and functionality,1
Extremely satisfied with the item,1
Top-notch value and quality,1
Outstanding build and functionality,1
Absolutely recommend this product to all,1
Superb product and value,1
Very happy with the quality,1
Highly recommend this brand to everyone,1
Fantastic value and functionality,1
Perfect for my needs and requirements,1
Remarkable design and build quality,1
Top-notch product and value,1
Extremely pleased with the quality,1
Absolutely love the item,1
Superb functionality and design,1
Very reliable and effective product,1
Highly recommend this item to all,1
Great build and functionality,1
Incredible value and quality,1
Perfect choice for my needs,1
Fantastic quality and service,1
Superb design and performance,1
Love the product and build,1
Extremely satisfied with this item,1
Top-notch value and quality,1
Outstanding quality and functionality,1
Absolutely recommend this product to all,1
Superb product and performance,1
Very pleased with the quality,1
Highly recommend this to everyone,1
Incredible design and build quality,1
Perfect product for my needs,1
Fantastic build and quality,1
Remarkable value and functionality,1
Top-quality product and service,1
Extremely pleased with the purchase,1
Absolutely top-notch quality,1
Superb functionality and build,1
Very reliable and effective item,1
Highly recommend this product to everyone,1
Great value and performance,1
Incredible quality and functionality,1
Perfect choice for my requirements,1
Fantastic product and service,1
Superb design and quality,1
Love the product and value,1
Extremely satisfied with the item,1
Top-notch build and functionality,1
Outstanding value and quality,1
Absolutely recommend this item to all,1
Superb product and service,1
Very happy with the product,1
Highly recommend this item to everyone,1
Incredible quality and value,1
Perfect for my needs,1
Fantastic build and performance,1
Remarkable design and quality,1
Top-quality product and value,1
Extremely pleased with this purchase,1
Absolutely top-notch item,1
Superb functionality and quality,1
Very reliable and effective product,1
Highly recommend this product to everyone,1
Great value and service,1
Incredible build and performance,1
Perfect choice for my requirements,1
Fantastic product and service,1
Superb design and build,1
Love the product and functionality,1
Extremely satisfied with the item,1
Top-notch value and quality,1
Outstanding build and functionality,1
Absolutely recommend this product to all,1
Superb product and value,1
Very happy with the quality,1
Highly recommend this brand to everyone,1
Fantastic value and functionality,1
Perfect for my needs and requirements,1
Remarkable design and build quality,1
Top-notch product and value,1
Extremely pleased with the quality,1
Absolutely love the item,1
Superb functionality and design,1
Very reliable and effective product,1
Highly recommend this item to all,1
Great build and functionality,1
Incredible value and quality,1
Perfect choice for my needs,1
Fantastic quality and service,1
Superb design and performance,1
Love the product and build,1
Extremely satisfied with this item,1
Top-notch value and quality,1
Outstanding quality and functionality,1
Absolutely recommend this product to all,1
Superb product and performance,1
Very pleased with the quality,1
Highly recommend this to everyone,1
Incredible design and build quality,1
Perfect product for my needs,1
Fantastic build and quality,1
Remarkable value and functionality,1
Top-quality product and service,1
Extremely pleased with the purchase,1
Absolutely top-notch quality,1
Superb functionality and build,1
Very reliable and effective item,1
Highly recommend this product to everyone,1
Great value and performance,1
Incredible quality and functionality,1
Perfect choice for my requirements,1
Fantastic product and service,1
Superb design and quality,1
Love the product and value,1
Extremely satisfied with the item,1
Top-notch build and functionality,1
Outstanding value and quality,1
Absolutely recommend this item to all,1
Superb product and service,1
Very happy with the product,1
Highly recommend this item to everyone,1
Incredible quality and value,1
Perfect for my needs,1
Fantastic build and performance,1
Remarkable design and quality,1
Top-quality product and value,1
Extremely pleased with this purchase,1
Absolutely top-notch item,1
Superb functionality and quality,1
Very reliable and effective product,1
Highly recommend this product to everyone,1
Great value and service,1
Incredible build and performance,1
Perfect choice for my requirements,1
Fantastic product and service,1
Superb design and build,1
Love the product and functionality,1
Extremely satisfied with the item,1
Top-notch value and quality,1
Outstanding build and functionality,1
Absolutely recommend this product to all,1
Superb product and value,1
Very happy with the quality,1
Highly recommend this brand to everyone,1
Fantastic value and functionality,1
Perfect for my needs and requirements,1
Remarkable design and build quality,1
Top-notch product and value,1
Extremely pleased with the quality,1
Absolutely love the item,1
Superb functionality and design,1
Very reliable and effective product,1
Highly recommend this item to all,1
Great build and functionality,1
Incredible value and quality,1
Perfect choice for my needs,1
Fantastic quality and service,1
Superb design and performance,1
Love the product and build,1
Extremely satisfied with this item,1
Top-notch value and quality,1
Outstanding quality and functionality,1
Absolutely recommend this product to all,1
Superb product and performance,1
Very pleased with the quality,1
Highly recommend this to everyone,1
Incredible design and build quality,1
Perfect product for my needs,1
Fantastic build and quality,1
Remarkable value and functionality,1
Top-quality product and service,1
Extremely pleased with the purchase,1
Absolutely top-notch quality,1
Superb functionality and build,1
Very reliable and effective item,1
Highly recommend this product to everyone,1
Great value and performance,1
Incredible quality and functionality,1
Perfect choice for my requirements,1
Fantastic product and service,1
Superb design and quality,1
Love the product and value,1
Extremely satisfied with the item,1
Top-notch build and functionality,1
Outstanding value and quality,1
Absolutely recommend this item to all,1
Superb product and service,1
Very happy with the product,1
Highly recommend this item to everyone,1
Incredible quality and value,1
Perfect for my needs,1
Fantastic build and performance,1
Remarkable design and quality,1
Top-quality product and value,1
Extremely pleased with this purchase,1
Absolutely top-notch item,1
Superb functionality and quality,1
Very reliable and effective product,1
Highly recommend this product to everyone,1
Great value and service,1
Incredible build and performance,1
Perfect choice for my requirements,1
Fantastic product and service,1
Superb design and build,1
Love the product and functionality,1
Extremely satisfied with the item,1
Top-notch value and quality,1
Outstanding build and functionality,1
Absolutely recommend this product to all,1
Superb product and value,1
Very happy with the quality,1
Highly recommend this brand to everyone,1
Fantastic value and functionality,1
Perfect for my needs and requirements,1
Remarkable design and build quality,1
Top-notch product and value,1
Extremely pleased with the quality,1
Absolutely love the item,1
Superb functionality and design,1
Very reliable and effective product,1
Highly recommend this item to all,1
Great build and functionality,1
Incredible value and quality,1
I hate this product.,0
This is the worst purchase I have ever made.,0
I am extremely disappointed with this item.,0
The quality is terrible.,0
I would never recommend this to anyone.,0
This product broke after one use.,0
I can't believe I wasted money on this.,0
Absolutely awful experience.,0
This item is a complete waste of money.,0
I regret buying this product.,0
This is the most useless item I have ever bought.,0
The product arrived damaged.,0
Very poor quality and performance.,0
I will never buy from this brand again.,0
This is a total scam.,0
Extremely dissatisfied with the quality.,0
It didn't work as advertised.,0
I had to return this product.,0
The worst customer service ever.,0
The product stopped working after a week.,0
Completely useless and a waste of time.,0
Not worth the price at all.,0
I am very unhappy with this purchase.,0
The product description is misleading.,0
I wouldn't give this product even one star.,0
This item is defective.,0
It failed to meet my expectations.,0
I am very frustrated with this product.,0
The quality is far below average.,0
This product is not as described.,0
Very disappointing and poor value.,0
I wish I could get a refund.,0
It was a waste of money and effort.,0
Not at all satisfied with this purchase.,0
This product is a rip-off.,0
The worst item I have ever bought.,0
The item broke after a few days.,0
Customer service was unhelpful.,0
I am very disappointed.,0
The quality is very poor.,0
It didn't last long.,0
I do not recommend this at all.,0
This is not worth your money.,0
The product arrived late.,0
The item was not as advertised.,0
I had a terrible experience.,0
This is a low-quality product.,0
I had to return it immediately.,0
The product does not work well.,0
The item is very fragile.,0
The design is awful.,0
I am very unhappy with this.,0
This product is unreliable.,0
The material is cheap.,0
I am very dissatisfied.,0
The product malfunctioned.,0
This is the worst item I've ever purchased.,0
The packaging was damaged.,0
I feel cheated.,0
The item is defective.,0
The product stopped working soon.,0
Very poor customer service.,0
I had a bad experience.,0
This product is not durable.,0
I do not like this product.,0
The product is overpriced.,0
This is not a good purchase.,0
The quality is subpar.,0
I had issues with this product.,0
I am very upset with this purchase.,0
The product does not meet expectations.,0
The item is poorly made.,0
This is not worth buying.,0
The product is not functional.,0
I had to return it.,0
The item was broken.,0
I am very unsatisfied.,0
The product is not good.,0
This is a bad purchase.,0
The quality is unacceptable.,0
I am very displeased.,0
The product is not what I expected.,0
The item is faulty.,0
I do not like this at all.,0
The product is very disappointing.,0
The item is not worth the price.,0
This is a waste of money.,0
I am very unhappy with my purchase.,0
The product quality is bad.,0
The item does not work as described.,0
I am very frustrated with this.,0
The product is of low quality.,0
This is a poor-quality item.,0
I am very disappointed with my purchase.,0
The product is defective.,0
The item is not reliable.,0
I do not recommend this product.,0
The product is not worth it.,0
I had a bad experience with this product.,0
The quality is very low.,0
The product did not meet my expectations.,0
The item is not durable.,0
I am very unhappy with this item.,0
The product is not satisfactory.,0
The item arrived damaged.,0
I am very dissatisfied with this purchase.,0
The product is of poor quality.,0
The item does not work properly.,0
I had to return the product.,0
The quality is very bad.,0
I am very frustrated with my purchase.,0
The product is not good quality.,0
The item is not worth the money.,0
I am very unhappy with the quality.,0
The product did not work as expected.,0
The item is very poor quality.,0
I do not recommend this purchase.,0
The product is not reliable.,0
The item is very disappointing.,0
I am very dissatisfied with this item.,0
The product is not functional.,0
The item arrived broken.,0
I am very displeased with this purchase.,0
The product is of low quality.,0
The item does not meet expectations.,0
I had a bad experience with this item.,0
The quality is not good.,0
The product is very cheap.,0
I am very unhappy with this product.,0
The item is not satisfactory.,0
The product did not work properly.,0
The quality is very poor.,0
I am very dissatisfied with my purchase.,0
The product is not worth the cost.,0
The item is very unreliable.,0
I do not recommend this item.,0
The product is not good value.,0
I am very disappointed with this product.,0
The item is not durable.,0
The product quality is very bad.,0
The item is not worth buying.,0
I had a terrible experience with this.,0
The product did not meet my expectations.,0
The item arrived late and damaged.,0
The product is not what I expected.,0
The item is very poor quality.,0
I am very unhappy with my purchase.,0
The product is not reliable.,0
The item does not work well.,0
I had a bad experience with this product.,0
The quality is very disappointing.,0
The product is not good quality.,0
I am very dissatisfied with the item.,0
The product is not worth the price.,0
The item is not durable.,0
The product quality is very poor.,0
I am very frustrated with this purchase.,0
The product is not functional.,0
The item arrived broken and late.,0
The product is not reliable at all.,0
I am very unhappy with the quality.,0
The item does not work as described.,0
I had to return this product.,0
The quality is very low.,0
The product is not worth the money.,0
The item is very disappointing.,0
I am very displeased with this product.,0
The product is of low quality.,0
The item does not meet my expectations.,0
The product is not functional.,0
The item arrived damaged.,0
The product is not reliable.,0
I am very dissatisfied with this purchase.,0
The item is not worth buying.,0
The quality is very bad.,0
The product is not good value.,0
The item does not work properly.,0
I had a bad experience with this product.,0
The quality is very poor.,0
The product is not worth the cost.,0
The item is very unreliable.,0
I do not recommend this item.,0
The product is not good quality.,0
The item is very disappointing.,0
I am very unhappy with this purchase.,0
The product did not work as expected.,0
The item is very poor quality.,0
I do not recommend this purchase.,0
The product is not reliable.,0
The item is very disappointing.,0
I am very dissatisfied with this item.,0
The product is not functional.,0
The item arrived broken.,0
I am very displeased with this purchase.,0
The product is of low quality.,0
The item does not meet expectations.,0
I had a bad experience with this item.,0
The quality is not good.,0
The product is very cheap.,0
I am very unhappy with this product.,0
The item is not satisfactory.,0
The product did not work properly.,0
The quality is very poor.,0
I am very dissatisfied with my purchase.,0
The product is not worth the cost.,0
The item is very unreliable.,0
I do not recommend this item.,0
The product is not good value.,0
I am very disappointed with this product.,0
The item is not durable.,0
The product quality is very bad.,0
The item is not worth buying.,0
I had a terrible experience with this.,0
The product did not meet my expectations.,0
The item arrived late and damaged.,0
The product is not what I expected.,0
The item is very poor quality.,0
I am very unhappy with my purchase.,0
The product is not reliable.,0
The item does not work well.,0
I had a bad experience with this product.,0
The quality is very disappointing.,0
The product is not good quality.,0
I am very dissatisfied with the item.,0
The product is not worth the price.,0
The item is not durable.,0
The product quality is very poor.,0
I am very frustrated with this purchase.,0
The product is not functional.,0
The item arrived broken and late.,0
The product is not reliable at all.,0
I am very unhappy with the quality.,0
The item does not work as described.,0
I had to return this product.,0
The quality is very low.,0
The product is not worth the money.,0
The item is very disappointing.,0
I am very displeased with this product.,0
The product is of low quality.,0
The item does not meet my expectations.,0
The product is not functional.,0
The item arrived damaged.,0
The product is not reliable.,0
I am very dissatisfied with this purchase.,0
The item is not worth buying.,0
The quality is very bad.,0
The product is not good value.,0
The item does not work properly.,0
I had a bad experience with this product.,0
The quality is very poor.,0
The product is not worth the cost.,0
The item is very unreliable.,0
I do not recommend this item.,0
The product is not good quality.,0
The item is very disappointing.,0
I am very unhappy with this purchase.,0
The product did not work as expected.,0
The item is very poor quality.,0
I do not recommend this purchase.,0
The product is not reliable.,0
The item is very disappointing.,0
I am very dissatisfied with this item.,0
The product is not functional.,0
The item arrived broken.,0
I am very displeased with this purchase.,0
The product is of low quality.,0
The item does not meet expectations.,0
I had a bad experience with this item.,0
The quality is not good.,0
The product is very cheap.,0
I am very unhappy with this product.,0
The item is not satisfactory.,0
The product did not work properly.,0
The quality is very poor.,0
I am very dissatisfied with my purchase.,0
The product is not worth the cost.,0
The item is very unreliable.,0
I do not recommend this item.,0
The product is not good value.,0
I am very disappointed with this product.,0
The item is not durable.,0
The product quality is very bad.,0
The item is not worth buying.,0
I had a terrible experience with this.,0
The product did not meet my expectations.,0
The item arrived late and damaged.,0
The product is not what I expected.,0
The item is very poor quality.,0
I am very unhappy with my purchase.,0
The product is not reliable.,0
The item does not work well.,0
I had a bad experience with this product.,0
The quality is very disappointing.,0
The product is not good quality.,0
I am very dissatisfied with the item.,0
The product is not worth the price.,0
The item is not durable.,0
The product quality is very poor.,0
I am very frustrated with this purchase.,0
The product is not functional.,0
The item arrived broken and late.,0
The product is not reliable at all.,0
I am very unhappy with the quality.,0
The item does not work as described.,0
I had to return this product.,0
The quality is very low.,0
The product is not worth the money.,0
The item is very disappointing.,0
I am very displeased with this product.,0
The product is of low quality.,0
The item does not meet my expectations.,0
The product is not functional.,0
The item arrived damaged.,0
The product is not reliable.,0
I am very dissatisfied with this purchase.,0
The item is not worth buying.,0
The quality is very bad.,0
The product is not good value.,0
The item does not work properly.,0
I had a bad experience with this product.,0
The quality is very poor.,0
The product is not worth the cost.,0
The item is very unreliable.,0
I do not recommend this item.,0
The product is not good quality.,0
The item is very disappointing.,0
I am very unhappy with this purchase.,0
The product did not work as expected.,0
The item is very poor quality.,0
I do not recommend this purchase.,0
The product is not reliable.,0
The item is very disappointing.,0
I am very dissatisfied with this item.,0
The product is not functional.,0
The item arrived broken.,0
I am very displeased with this purchase.,0
The product is of low quality.,0
The item does not meet expectations.,0
I had a bad experience with this item.,0
The quality is not good.,0
The product is very cheap.,0
I am very unhappy with this product.,0
The item is not satisfactory.,0
The product did not work properly.,0
The quality is very poor.,0
I am very dissatisfied with my purchase.,0
The product is not worth the cost.,0
The item is very unreliable.,0
I do not recommend this item.,0
The product is not good value.,0
I am very disappointed with this product.,0
The item is not durable.,0
The product quality is very bad.,0
The item is not worth buying.,0
I had a terrible experience with this.,0
The product did not meet my expectations.,0
The item arrived late and damaged.,0
The product is not what I expected.,0
The item is very poor quality.,0
I am very unhappy with my purchase.,0
The product is not reliable.,0
The item does not work well.,0
I had a bad experience with this product.,0
The quality is very disappointing.,0
The product is not good quality.,0
I am very dissatisfied with the item.,0
The product is not worth the price.,0
The item is not durable.,0
The product quality is very poor.,0
I am very frustrated with this purchase.,0
The product is not functional.,0
The item arrived broken and late.,0
The product is not reliable at all.,0
I am very unhappy with the quality.,0
The item does not work as described.,0
I had to return this product.,0
The quality is very low.,0
The product is not worth the money.,0
The item is very disappointing.,0
I am very displeased with this product.,0
The product is of low quality.,0
The item does not meet my expectations.,0
The product is not functional.,0
The item arrived damaged.,0
The product is not reliable.,0
I am very dissatisfied with this purchase.,0
The item is not worth buying.,0
The quality is very bad.,0
The product is not good value.,0
The item does not work properly.,0
I had a bad experience with this product.,0
The quality is very poor.,0
The product is not worth the cost.,0
The item is very unreliable.,0
I do not recommend this item.,0
The product is not good quality.,0
The item is very disappointing.,0
I am very unhappy with this purchase.,0
The product did not work as expected.,0
The item is very poor quality.,0
I do not recommend this purchase.,0
The product is not reliable.,0
The item is very disappointing.,0
I am very dissatisfied with this item.,0
The product is not functional.,0
The item arrived broken.,0
I am very displeased with this purchase.,0
The product is of low quality.,0
The item does not meet expectations.,0
I had a bad experience with this item.,0
The quality is not good.,0
The product is very cheap.,0
I am very unhappy with this product.,0
The item is not satisfactory.,0
The product did not work properly.,0
The quality is very poor.,0
I am very dissatisfied with my purchase.,0
The product is not worth the cost.,0
The item is very unreliable.,0
I do not recommend this item.,0
The product is not good value.,0
I am very disappointed with this product.,0
The item is not durable.,0
The product quality is very bad.,0
The item is not worth buying.,0
I had a terrible experience with this.,0
The product did not meet my expectations.,0
The item arrived late and damaged.,0
The product is not what I expected.,0
The item is very poor quality.,0
I am very unhappy with my purchase.,0
The product is not reliable.,0
The item does not work well.,0
I had a bad experience with this product.,0
The quality is very disappointing.,0
The product is not good quality.,0
I am very dissatisfied with the item.,0
The product is not worth the price.,0
The item is not durable.,0
The product quality is very poor.,0
I am very frustrated with this purchase.,0
The product is not functional.,0
The item arrived broken and late.,0
The product is not reliable at all.,0
I am very unhappy with the quality.,0
The item does not work as described.,0
I had to return this product.,0
The quality is very low.,0
The product is not worth the money.,0
The item is very disappointing.,0
I am very displeased with this product.,0
The product is of low quality.,0
The item does not meet my expectations.,0
The product is not functional.,0
The item arrived damaged.,0
The product is not reliable.,0
I am very dissatisfied with this purchase.,0
The item is not worth buying.,0
The quality is very bad.,0
The product is not good value.,0
The item does not work properly.,0
I had a bad experience with this product.,0
The quality is very poor.,0
The product is not worth the cost.,0
The item is very unreliable.,0
I do not recommend this item.,0
The product is not good quality.,0
The item is very disappointing.,0
I am very unhappy with this purchase.,0
The product did not work as expected.,0
The item is very poor quality.,0
I do not recommend this purchase.,0
The product is not reliable.,0
The item is very disappointing.,0
I am very dissatisfied with this item.,0
The product is not functional.,0
The item arrived broken.,0
I am very displeased with this purchase.,0
The product is of low quality.,0
The item does not meet expectations.,0
I had a bad experience with this item.,0
The quality is not good.,0
The product is very cheap.,0
I am very unhappy with this product.,0
The item is not satisfactory.,0
The product did not work properly.,0
The quality is very poor.,0
I am very dissatisfied with my purchase.,0
The product is not worth the cost.,0
The item is very unreliable.,0
I do not recommend this item.,0
The product is not good value.,0
I am very disappointed with this product.,0
The item is not durable.,0
The product quality is very bad.,0
The item is not worth buying.,0
I had a terrible experience with this.,0
The product did not meet my expectations.,0
The item arrived late and damaged.,0
The product is not what I expected.,0
The item is very poor quality.,0
I am very unhappy with my purchase.,0
The product is not reliable.,0
The item does not work well.,0
I had a bad experience with this product.,0
The quality is very disappointing.,0
The product is not good quality.,0
I am very dissatisfied with the item.,0
The product is not worth the price.,0
The item is not durable.,0
The product quality is very poor.,0
I am very frustrated with this purchase.,0
The product is not functional.,0
The item arrived broken and late.,0
The product is not reliable at all.,0
I am very unhappy with the quality.,0
The item does not work as described.,0
I had to return this product.,0
The quality is very low.,0
The product is not worth the money.,0
The item is very disappointing.,0
I am very displeased with this product.,0
The product is of low quality.,0
The item does not meet my expectations.,0
The product is not functional.,0
The item arrived damaged.,0
The product is not reliable.,0
I am very dissatisfied with this purchase.,0
The item is not worth buying.,0
The quality is very bad.,0
The product is not good value.,0
The item does not work properly.,0
I had a bad experience with this product.,0
The quality is very poor.,0
The product is not worth the cost.,0
The item is very unreliable.,0
I do not recommend this item.,0
The product is not good quality.,0
The item is very disappointing.,0
I am very unhappy with this purchase.,0
The product did not work as expected.,0
The item is very poor quality.,0
I do not recommend this purchase.,0
The product is not reliable.,0
The item is very disappointing.,0
I am very dissatisfied with this item.,0
The product is not functional.,0
The item arrived broken.,0
I am very displeased with this purchase.,0
The product is of low quality.,0
The item does not meet expectations.,0
I had a bad experience with this item.,0
The quality is not good.,0
The product is very cheap.,0
I am very unhappy with this product.,0
The item is not satisfactory.,0
The product did not work properly.,0
The quality is very poor.,0
I am very dissatisfied with my purchase.,0
The product is not worth the cost.,0
The item is very unreliable.,0
I do not recommend this item.,0
The product is not good value.,0
I am very disappointed with this product.,0
The item is not durable.,0
The product quality is very bad.,0
The item is not worth buying.,0
I had a terrible experience with this.,0
The product did not meet my expectations.,0
The item arrived late and damaged.,0
The product is not what I expected.,0
The item is very poor quality.,0
I am very unhappy with my purchase.,0
The product is not reliable.,0
The item does not work well.,0
I had a bad experience with this product.,0
The quality is very disappointing.,0
The product is not good quality.,0
I am very dissatisfied with the item.,0
The product is not worth the price.,0
The item is not durable.,0
The product quality is very poor.,0
I am very frustrated with this purchase.,0
The product is not functional.,0
The item arrived broken and late.,0
The product is not reliable at all.,0
I am very unhappy with the quality.,0
The item does not work as described.,0
I had to return this product.,0
The quality is very low.,0
The product is not worth the money.,0
The item is very disappointing.,0
I am very displeased with this product.,0
The product is of low quality.,0
The item does not meet my expectations.,0
The product is not functional.,0
The item arrived damaged.,0
The product is not reliable.,0
I am very dissatisfied with this purchase.,0
The item is not worth buying.,0
The quality is very bad.,0
The product is not good value.,0
The item does not work properly.,0
I had a bad experience with this product.,0
The quality is very poor.,0
The product is not worth the cost.,0
The item is very unreliable.,0
I do not recommend this item.,0
The product is not good quality.,0
The item is very disappointing.,0
I am very unhappy with this purchase.,0
The product did not work as expected.,0
The item is very poor quality.,0
I do not recommend this purchase.,0
The product is not reliable.,0
The item is very disappointing.,0
I am very dissatisfied with this item.,0
The product is not functional.,0
The item arrived broken.,0
I am very displeased with this purchase.,0
The product is of low quality.,0
The item does not meet expectations.,0
I had a bad experience with this item.,0
The quality is not good.,0
The product is very cheap.,0
I am very unhappy with this product.,0
The item is not satisfactory.,0
The product did not work properly.,0
The quality is very poor.,0
I am very dissatisfied with my purchase.,0
The product is not worth the cost.,0
The item is very unreliable.,0
I do not recommend this item.,0
The product is not good value.,0
I am very disappointed with this product.,0
The item is not durable.,0
The product quality is very bad.,0
The item is not worth buying.,0
I had a terrible experience with this.,0
The product did not meet my expectations.,0
The item arrived late and damaged.,0
The product is not what I expected.,0
The item is very poor quality.,0
I am very unhappy with my purchase.,0
The product is not reliable.,0
The item does not work well.,0
I had a bad experience with this product.,0
The quality is very disappointing.,0
The product is not good quality.,0
I am very dissatisfied with the item.,0
The product is not worth the price.,0
The item is not durable.,0
The product quality is very poor.,0
I am very frustrated with this purchase.,0
The product is not functional.,0
The item arrived broken and late.,0
The product is not reliable at all.,0
I am very unhappy with the quality.,0
The item does not work as described.,0
I had to return this product.,0
The quality is very low.,0
The product is not worth the money.,0
The item is very disappointing.,0
I am very displeased with this product.,0
The product is of low quality.,0
The item does not meet my expectations.,0
The product is not functional.,0
The item arrived damaged.,0
The product is not reliable.,0
I am very dissatisfied with this purchase.,0
The item is not worth buying.,0
The quality is very bad.,0
The product is not good value.,0
The item does not work properly.,0
I had a bad experience with this product.,0
The quality is very poor.,0
The product is not worth the cost.,0
The item is very unreliable.,0
I do not recommend this item.,0
The product is not good quality.,0
The item is very disappointing.,0
I am very unhappy with this purchase.,0
The product did not work as expected.,0
The item is very poor quality.,0
I do not recommend this purchase.,0
The product is not reliable.,0
The item is very disappointing.,0
I am very dissatisfied with this item.,0
The product is not functional.,0
The item arrived broken.,0
I am very displeased with this purchase.,0
The product is of low quality.,0
The item does not meet expectations.,0
I had a bad experience with this item.,0
The quality is not good.,0
The product is very cheap.,0
I am very unhappy with this product.,0
The item is not satisfactory.,0
The product did not work properly.,0
The quality is very poor.,0
I am very dissatisfied with my purchase.,0
The product is not worth the cost.,0
The item is very unreliable.,0
I do not recommend this item.,0
The product is not good value.,0
I am very disappointed with this product.,0
The item is not durable.,0
The product quality is very bad.,0
The item is not worth buying.,0
I had a terrible experience with this.,0
The product did not meet my expectations.,0
The item arrived late and damaged.,0
The product is not what I expected.,0
The item is very poor quality.,0
I am very unhappy with my purchase.,0
The product is not reliable.,0
The item does not work well.,0
I had a bad experience with this product.,0
The quality is very disappointing.,0
The product is not good quality.,0
I am very dissatisfied with the item.,0
The product is not worth the price.,0
The item is not durable.,0
The product quality is very poor.,0
I am very frustrated with this purchase.,0
The product is not functional.,0
The item arrived broken and late.,0
The product is not reliable at all.,0
I am very unhappy with the quality.,0
The item does not work as described.,0
I had to return this product.,0
The quality is very low.,0
The product is not worth the money.,0
The item is very disappointing.,0
I am very displeased with this product.,0
The product is of low quality.,0
The item does not meet my expectations.,0
The product is not functional.,0
The item arrived damaged.,0
The product is not reliable.,0
I am very dissatisfied with this purchase.,0
The item is not worth buying.,0
The quality is very bad.,0
The product is not good value.,0
The item does not work properly.,0
I had a bad experience with this product.,0
The quality is very poor.,0
The product is not worth the cost.,0
The item is very unreliable.,0
I do not recommend this item.,0
The product is not good quality.,0
The item is very disappointing.,0
I am very unhappy with this purchase.,0
The product did not work as expected.,0
The item is very poor quality.,0
I do not recommend this purchase.,0
The product is not reliable.,0
The item is very disappointing.,0
I am very dissatisfied with this item.,0
The product is not functional.,0
The item arrived broken.,0
I am very displeased with this purchase.,0
The product is of low quality.,0
The item does not meet expectations.,0
I had a bad experience with this item.,0
The quality is not good.,0
The product is very cheap.,0
I am very unhappy with this product.,0
The item is not satisfactory.,0
The product did not work properly.,0
The quality is very poor.,0
I am very dissatisfied with my purchase.,0
The product is not worth the cost.,0
The item is very unreliable.,0
I do not recommend this item.,0
The product is not good value.,0
I am very disappointed with this product.,0
The item is not durable.,0
The product quality is very bad.,0
The item is not worth buying.,0
I had a terrible experience with this.,0
The product did not meet my expectations.,0
The item arrived late and damaged.,0
The product is not what I expected.,0
The item is very poor quality.,0
I am very unhappy with my purchase.,0
The product is not reliable.,0
The item does not work well.,0
I had a bad experience with this product.,0
The quality is very disappointing.,0
The product is not good quality.,0
I am very dissatisfied with the item.,0
The product is not worth the price.,0
The item is not durable.,0
The product quality is very poor.,0
I am very frustrated with this purchase.,0
The product is not functional.,0
The item arrived broken and late.,0
The product is not reliable at all.,0
I am very unhappy with the quality.,0
The item does not work as described.,0
I had to return this product.,0
The quality is very low.,0
The product is not worth the money.,0
The item is very disappointing.,0
I am very displeased with this product.,0
The product is of low quality.,0
The item does not meet my expectations.,0
The product is not functional.,0
The item arrived damaged.,0
The product is not reliable.,0
I am very dissatisfied with this purchase.,0
The item is not worth buying.,0
The quality is very bad.,0
The product is not good value.,0
The item does not work properly.,0
I had a bad experience with this product.,0
The quality is very poor.,0
The product is not worth the cost.,0
The item is very unreliable.,0
I do not recommend this item.,0
The product is not good quality.,0
The item is very disappointing.,0
I am very unhappy with this purchase.,0
The product did not work as expected.,0
The item is very poor quality.,0
I do not recommend this purchase.,0
The product is not reliable.,0
The item is very disappointing.,0
I am very dissatisfied with this item.,0
The product is not functional.,0
The item arrived broken.,0
I am very displeased with this purchase.,0
The product is of low quality.,0
The item does not meet expectations.,0
I had a bad experience with this item.,0
The quality is not good.,0
The product is very cheap.,0
I am very unhappy with this product.,0
The item is not satisfactory.,0
The product did not work properly.,0
The quality is very poor.,0
I am very dissatisfied with my purchase.,0
The product is not worth the cost.,0
The item is very unreliable.,0
I do not recommend this item.,0
The product is not good value.,0
I am very disappointed with this product.,0
The item is not durable.,0
The product quality is very bad.,0
The item is not worth buying.,0
I had a terrible experience with this.,0
The product did not meet my expectations.,0
The item arrived late and damaged.,0
The product is not what I expected.,0
The item is very poor quality.,0
I am very unhappy with my purchase.,0
The product is not reliable.,0
The item does not work well.,0
I had a bad experience with this product.,0
The quality is very disappointing.,0
The product is not good quality.,0
I am very dissatisfied with the item.,0
The product is not worth the price.,0
The item is not durable.,0
The product quality is very poor.,0
I am very frustrated with this purchase.,0
The product is not functional.,0
The item arrived broken and late.,0
The product is not reliable at all.,0
I am very unhappy with the quality.,0
The item does not work as described.,0
I had to return this product.,0
The quality is very low.,0
The product is not worth the money.,0
The item is very disappointing.,0
I am very displeased with this product.,0
The product is of low quality.,0
The item does not meet my expectations.,0
The product is not functional.,0
The item arrived damaged.,0
The product is not reliable.,0
I am very dissatisfied with this purchase.,0
The item is not worth buying.,0
The quality is very bad.,0
The product is not good value.,0
The item does not work properly.,0
I had a bad experience with this product.,0
The quality is very poor.,0
The product is not worth the cost.,0
The item is very unreliable.,0
I do not recommend this item.,0
The product is not good quality.,0
The item is very disappointing.,0
I am very unhappy with this purchase.,0
The product did not work as expected.,0
The item is very poor quality.,0
I do not recommend this purchase.,0
The product is not reliable.,0
The item is very disappointing.,0
I am very dissatisfied with this item.,0
The product is not functional.,0
The item arrived broken.,0
I am very displeased with this purchase.,0
The product is of low quality.,0
The item does not meet expectations.,0
I had a bad experience with this item.,0
The quality is not good.,0
The product is very cheap.,0
I am very unhappy with this product.,0
The item is not satisfactory.,0
The product did not work properly.,0
The quality is very poor.,0
I am very dissatisfied with my purchase.,0
The product is not worth the cost.,0
The item is very unreliable.,0
I do not recommend this item.,0
The product is not good value.,0
I am very disappointed with this product.,0
The item is not durable.,0
The product quality is very bad.,0
The item is not worth buying.,0
I had a terrible experience with this.,0
The product did not meet my expectations.,0
The item arrived late and damaged.,0
The product is not what I expected.,0
The item is very poor quality.,0
I am very unhappy with my purchase.,0
The product is not reliable.,0
The item does not work well.,0
I had a bad experience with this product.,0
The quality is very disappointing.,0
The product is not good quality.,0
I am very dissatisfied with the item.,0
The product is not worth the price.,0
The item is not durable.,0
The product quality is very poor.,0
I am very frustrated with this purchase.,0
The product is not functional.,0
The item arrived broken and late.,0
The product is not reliable at all.,0
I am very unhappy with the quality.,0
The item does not work as described.,0
I had to return this product.,0
The quality is very low.,0
The product is not worth the money.,0
The item is very disappointing.,0
I am very displeased with this product.,0
The product is of low quality.,0
The item does not meet my expectations.,0
The product is not functional.,0
The item arrived damaged.,0
The product is not reliable.,0
I am very dissatisfied with this purchase.,0
The item is not worth buying.,0
The quality is very bad.,0
The product is not good value.,0
The item does not work properly.,0
I had a bad experience with this product.,0
The quality is very poor.,0
The product is not worth the cost.,0
The item is very unreliable.,0
I do not recommend this item.,0
The product is not good quality.,0
The item is very disappointing.,0
I am very unhappy with this purchase.,0
The product did not work as expected.,0
The item is very poor quality.,0
I do not recommend this purchase.,0
The product is not reliable.,0
The item is very disappointing.,0
I am very dissatisfied with this item.,0
The product is not functional.,0
The item arrived broken.,0
I am very displeased with this purchase.,0
The product is of low quality.,0
The item does not meet expectations.,0
I had a bad experience with this item.,0
The quality is not good.,0
The product is very cheap.,0
I am very unhappy with this product.,0
The item is not satisfactory.,0
The product did not work properly.,0
The quality is very poor.,0
I am very dissatisfied with my purchase.,0
The product is not worth the cost.,0
The item is very unreliable.,0
I do not recommend this item.,0
The product is not good value.,0
I am very disappointed with this product.,0
The item is not durable.,0
The product quality is very bad.,0
The item is not worth buying.,0
I had a terrible experience with this.,0
The product did not meet my expectations.,0
The item arrived late and damaged.,0
The product is not what I expected.,0
The item is very poor quality.,0
I am very unhappy with my purchase.,0
The product is not reliable.,0
